{
    "max_e": 433909.09999999998,
    "srid_en": 27700,
    "area": 135291936.52000001,
    "max_n": 394595.40000000002,
    "min_lat": 53.304514897399997,
    "max_lat": 53.447538243099999,
    "centre_n": 387307.64353499998,
    "max_lon": -1.49211346708,
    "centre_lon": -1.5897913592099999,
    "min_n": 378717.59999999998,
    "parts": 1,
    "centre_e": 427386.394615,
    "min_e": 418920.40000000002,
    "min_lon": -1.71677853195,
    "centre_lat": 53.381932491900002,
    "name": "Sheffield, Hallam"
}